,EmployeeNumber,Attrition
0,104,No
1,1638,No
2,164,No
3,395,No
4,53,No
5,1467,Yes
6,727,No
7,351,No
8,555,Yes
9,253,No
10,1363,No
11,1799,No
12,42,Yes
13,724,No
14,1671,No
15,1624,Yes
16,1778,No
17,930,No
18,514,Yes
19,669,No
20,32,No
21,1015,No
22,1858,No
23,1383,No
24,894,No
25,336,No
26,208,No
27,684,Yes
28,362,No
29,364,Yes
30,428,No
31,1836,No
32,1893,No
33,837,No
34,1085,No
35,881,Yes
36,1725,No
37,1125,No
38,1361,No
39,1161,No
40,1428,No
41,975,No
42,1928,Yes
43,1317,No
44,1258,No
45,875,No
46,377,No
47,2025,No
48,543,No
49,24,No
50,1805,No
51,1239,No
52,1641,No
53,1443,No
54,970,Yes
55,340,No
56,1871,No
57,1117,No
58,1464,Yes
59,1941,No
60,1803,No
61,450,No
62,474,No
63,827,No
64,1677,No
65,1098,Yes
66,511,No
67,1612,No
68,2061,No
69,372,No
70,103,No
71,819,Yes
72,900,No
73,1615,No
74,1639,Yes
75,717,No
76,1224,No
77,1998,No
78,1457,Yes
79,1802,No
80,558,No
81,1311,No
82,1293,No
83,1004,Yes
84,1434,No
85,184,No
86,1163,No
87,451,No
88,1070,No
89,483,No
90,1954,No
91,416,No
92,374,No
93,683,No
94,460,No
95,314,No
96,721,No
97,139,No
98,1635,No
99,352,No
100,580,No
101,1056,No
102,388,No
103,1556,No
104,194,No
105,305,No
106,246,No
107,1714,Yes
108,820,No
109,1850,No
110,1647,No
111,1955,No
112,1228,No
113,1961,No
114,1678,No
115,1875,No
116,1981,No
117,2060,No
118,1544,No
119,1033,Yes
120,1032,No
121,527,No
122,1336,No
123,924,No
124,507,No
125,1627,No
126,758,No
127,1243,No
128,124,No
129,1441,No
130,1267,No
131,895,No
132,487,No
133,1162,No
134,2014,No
135,692,No
136,1783,Yes
137,1077,Yes
138,96,No
139,455,No
140,836,No
141,775,No
142,1425,No
143,498,No
144,36,No
145,1362,No
146,1669,No
147,1094,No
148,454,Yes
149,1251,No
150,207,No
151,1881,No
152,1611,No
153,933,No
154,56,No
155,505,No
156,463,No
157,1027,No
158,967,Yes
159,1088,No
160,446,No
161,233,No
162,1166,No
163,293,No
164,1847,No
165,1150,No
166,1601,No
167,306,No
168,1233,No
169,1970,No
170,397,No
171,730,No
172,107,No
173,1701,No
174,1466,No
175,39,No
176,145,No
177,458,No
178,23,No
179,83,No
180,844,No
181,1655,No
182,1308,No
183,1809,Yes
184,462,No
185,1676,No
186,1045,No
187,378,No
188,1167,Yes
189,1967,Yes
190,1774,No
191,2015,No
192,1193,No
193,1499,No
194,386,No
195,406,No
196,807,No
197,1873,No
198,1397,No
199,228,No
200,987,No
201,1698,No
202,1350,No
203,567,No
204,772,No
205,1854,No
206,799,No
207,21,No
208,1515,No
209,475,No
210,1645,Yes
211,605,No
212,430,No
213,1240,No
214,110,No
215,238,No
216,738,No
217,38,No
218,731,No
219,615,No
220,1591,No
221,1431,No
222,1694,No
223,743,No
224,178,No
225,1211,No
226,1830,No
227,952,Yes
228,1932,No
229,1552,No
230,261,Yes
231,1083,No
232,1975,No
233,1035,No
234,1002,No
235,960,Yes
236,215,No
237,824,No
238,335,No
239,675,No
240,1504,Yes
241,667,Yes
242,829,No
243,1673,No
244,1746,No
245,1206,No
246,312,No
247,1024,No
248,1766,No
249,1082,Yes
250,57,No
251,709,No
252,444,No
253,702,Yes
254,118,Yes
255,1459,Yes
256,242,No
257,441,No
258,2021,No
259,1481,No
260,574,No
261,1929,No
262,76,No
263,26,No
264,404,No
265,1496,No
266,423,No
267,1709,No
268,1096,No
269,1465,No
270,1724,No
271,2032,Yes
272,1956,No
273,1204,No
274,204,No
275,437,No
276,918,Yes
277,245,No
278,686,No
279,641,No
280,7,No
281,1043,No
282,1299,Yes
283,1242,No
284,868,No
285,950,No
286,957,No
287,479,No
288,11,No
289,879,No
290,781,No
291,175,Yes
292,1586,No
293,1752,Yes
294,608,Yes
295,407,No
296,1608,No
297,1207,No
298,2,No
299,1133,No
300,1782,No
301,332,No
302,422,No
303,148,No
304,582,Yes
305,1598,No
306,1628,No
307,1852,No
308,789,No
309,154,No
310,1732,No
311,1355,No
312,1472,No
313,826,No
314,1503,No
315,1736,No
316,35,No
317,994,Yes
318,1215,No
319,977,Yes
320,153,No
321,1594,No
322,1124,No
323,341,No
324,2018,No
325,1692,Yes
326,631,Yes
327,997,No
328,299,Yes
329,1892,No
330,843,No
331,291,Yes
332,1196,No
333,2022,No
334,64,Yes
335,1485,No
336,940,No
337,1704,No
338,1815,No
339,1231,No
340,411,No
341,639,No
342,190,Yes
343,353,No
344,922,Yes
345,925,No
346,250,No
347,1143,No
348,150,No
349,2041,No
350,621,No
351,2053,No
352,1979,No
353,131,No
354,2027,Yes
355,1422,No
356,259,No
357,297,Yes
358,665,No
359,1996,No
360,1281,No
361,165,Yes
362,885,No
363,281,No
364,1535,No
365,926,Yes
366,1968,Yes
367,1136,No
368,1474,No
369,664,No
370,1973,No
371,33,Yes
372,160,No
373,847,No
374,1522,Yes
375,1185,No
376,1248,Yes
377,1216,No
378,1813,No
379,15,No
380,1218,No
381,587,Yes
382,1572,Yes
383,47,Yes
384,1486,Yes
385,1377,No
386,445,Yes
387,620,No
388,1798,No
389,1935,No
390,382,No
391,2044,Yes
392,776,No
393,1658,No
394,910,No
395,1834,No
396,1100,Yes
397,949,No
398,1754,No
399,916,No
400,1138,No
401,143,No
402,544,No
403,524,No
404,1277,Yes
405,1137,No
406,1583,No
407,1283,No
408,12,No
409,823,No
410,112,No
411,581,No
412,1912,No
413,1022,No
414,197,No
415,1827,No
416,1525,No
417,1329,No
418,1712,No
419,1927,No
420,30,No
421,1346,No
422,862,No
423,2062,No
424,1529,No
425,2010,No
426,333,No
427,1938,No
428,1018,No
429,842,Yes
430,749,No
431,206,No
432,1971,No
433,804,No
434,959,Yes
435,496,No
436,1839,No
437,746,No
438,1547,No
439,998,No
440,1280,No
441,1255,No
442,183,No
443,1865,No
444,1703,No
445,1947,No
446,1279,Yes
447,1409,No
448,262,No
449,495,No
450,793,No
451,1460,No
452,1391,No
453,134,No
454,1989,No
455,119,No
456,2055,Yes
457,754,No
458,1683,No
459,920,No
460,274,No
461,1745,No
462,461,No
463,1596,No
464,1900,No
465,532,No
466,1602,No
467,171,No
468,1509,No
469,934,No
470,1609,No
471,1372,Yes
472,369,No
473,315,Yes
474,1310,Yes
475,198,No
476,1264,No
477,1697,No
478,465,No
479,1435,No
480,334,No
481,1523,No
482,1734,Yes
483,339,No
484,992,No
485,31,Yes
486,161,Yes
487,2068,No
488,534,No
489,803,No
490,1969,No
491,1751,No
492,1430,No
493,113,No
494,880,No
495,367,No
496,1541,No
497,137,Yes
498,2048,No
499,742,No
500,1780,Yes
501,1761,Yes
502,1985,No
503,1661,No
504,8,No
505,715,No
506,720,Yes
507,1226,No
508,602,No
509,128,No
510,1448,No
511,1106,Yes
512,182,No
513,1367,No
514,1870,No
515,40,No
516,1987,No
517,549,No
518,1001,No
519,927,Yes
520,584,Yes
521,1184,No
522,1548,No
523,585,No
524,27,Yes
525,226,No
526,1017,Yes
527,792,No
528,221,No
529,2064,No
530,1356,No
531,599,No
532,513,No
533,1152,No
534,1109,No
535,771,No
536,1458,Yes
537,1446,No
538,2000,No
539,1076,No
540,1389,Yes
541,733,No
542,874,No
543,1740,No
544,1275,No
545,852,No
546,1585,No
547,1662,No
548,1707,No
549,55,Yes
550,762,No
551,1318,Yes
552,586,No
553,1411,No
554,2045,No
555,796,Yes
556,1940,No
557,1049,No
558,384,No
559,1013,No
560,510,Yes
561,1878,Yes
562,1533,No
563,1722,No
564,1885,No
565,162,No
566,2023,Yes
567,1421,Yes
568,1392,No
569,1886,No
570,1375,No
571,1767,Yes
572,1768,No
573,800,No
574,426,No
575,932,Yes
576,1588,No
577,296,No
578,947,No
579,1682,No
580,1546,No
581,1502,No
582,1069,No
583,1716,Yes
584,536,No
585,825,Yes
586,632,No
587,663,No
588,649,No
589,625,No
590,200,No
591,1693,No
592,630,No
593,1489,Yes
594,763,No
595,1733,Yes
596,845,No
597,550,No
598,448,No
599,241,No
600,1403,No
601,556,No
602,811,Yes
603,1007,No
604,309,No
605,1542,No
606,1358,No
607,433,Yes
608,419,No
609,1298,No
610,284,No
611,783,No
612,1412,No
613,1026,No
614,1824,No
615,976,No
616,566,Yes
617,469,No
618,254,No
619,1965,No
620,1364,No
621,1484,No
622,169,No
623,1613,No
624,1250,No
625,999,No
626,1527,No
627,20,No
628,1225,No
629,518,No
630,699,No
631,1270,No
632,2019,No
633,1190,No
634,1417,No
635,624,No
636,1156,Yes
637,1265,No
638,1922,No
639,806,No
640,1127,Yes
641,564,No
642,529,No
643,485,Yes
644,424,No
645,121,No
646,1037,Yes
647,1436,No
648,1960,Yes
649,1720,No
650,387,No
651,70,No
652,1157,Yes
653,700,No
654,1822,No
655,838,No
656,941,No
657,1420,Yes
658,338,No
659,449,No
660,1691,Yes
661,1651,No
662,1617,No
663,812,No
664,614,Yes
665,1737,No
666,945,No
667,1804,No
668,889,No
669,343,No
670,520,No
671,1415,No
672,252,No
673,1079,Yes
674,716,No
675,1837,No
676,501,No
677,288,No
678,958,No
679,850,No
680,1551,No
681,1721,No
682,1949,No
683,1797,Yes
684,848,Yes
685,565,Yes
686,1739,No
687,1670,No
688,1092,No
689,140,No
690,1640,No
691,337,No
692,2007,No
693,1252,No
694,1449,No
695,1419,No
696,1340,No
697,612,No
698,964,No
699,350,No
700,644,No
701,2057,No
702,51,No
703,1081,Yes
704,2038,No
705,1480,No
706,1046,No
707,729,No
708,98,No
709,1379,Yes
710,1706,No
711,1405,Yes
712,1945,No
713,484,No
714,638,No
715,376,Yes
716,1553,No
717,1212,No
718,961,No
719,1294,No
720,1103,No
721,1980,No
722,981,No
723,936,No
724,308,No
725,1380,Yes
726,1210,Yes
727,235,Yes
728,859,No
729,1042,Yes
730,882,No
731,1657,No
732,1118,No
733,984,No
734,1241,No
735,1775,No
736,1903,No
737,410,No
738,1101,Yes
739,1304,No
740,319,No
741,420,No
742,723,Yes
743,1440,No
744,833,No
745,1599,No
746,972,No
747,476,No
748,766,No
749,1273,Yes
750,1401,No
751,1573,Yes
752,1289,No
753,722,No
754,224,No
755,116,No
756,385,No
757,193,No
758,1974,No
759,488,Yes
760,1931,No
761,1667,Yes
762,1756,No
763,662,No
764,1055,No
765,1012,No
766,712,No
767,1801,No
768,1321,No
769,1115,No
770,1719,No
771,515,No
772,828,Yes
773,1482,No
774,2017,No
775,438,No
776,902,No
777,1800,No
778,546,No
779,1314,No
780,593,Yes
781,500,No
782,1554,No
783,1352,No
784,986,Yes
785,1771,No
786,1423,No
787,316,No
788,601,No
789,851,No
790,2065,No
791,904,No
792,431,No
793,1360,Yes
794,1497,No
795,816,Yes
796,1014,No
797,106,No
798,1883,No
799,983,No
800,578,No
801,680,No
802,857,No
803,346,No
804,1710,No
805,2037,No
806,897,No
807,174,No
808,1909,No
809,773,No
810,1344,No
811,138,No
812,179,Yes
813,1245,No
814,1829,No
815,1260,No
816,969,No
817,1558,No
818,854,No
819,328,Yes
820,1038,Yes
821,1291,No
822,300,Yes
823,1135,No
824,304,No
825,1576,No
826,551,No
827,1618,No
828,62,No
829,1814,No
830,1120,No
831,1461,No
832,1569,Yes
833,864,No
834,1198,No
835,560,No
836,666,No
837,1943,No
838,1668,No
839,1396,No
840,1254,No
841,359,No
842,1285,No
843,1755,No
844,494,Yes
845,1816,No
846,939,No
847,1292,No
848,805,No
849,530,No
850,1119,No
851,1113,Yes
852,728,No
853,1939,Yes
854,1772,No
855,144,No
856,606,No
857,752,Yes
858,1487,Yes
859,1631,No
860,1880,No
861,141,No
862,80,No
863,147,Yes
864,1368,No
865,1036,No
866,1034,No
867,1278,No
868,1876,Yes
869,1200,Yes
870,1786,No
871,1666,No
872,1916,No
873,158,No
874,1614,No
875,1108,Yes
876,1107,Yes
877,286,No
878,1182,No
879,657,No
880,1557,No
881,227,No
882,1164,No
883,1753,No
884,2046,No
885,1238,No
886,1288,No
887,1684,Yes
888,471,No
889,1349,No
890,2003,No
891,905,No
892,1863,No
893,1427,Yes
894,1656,No
895,1407,No
896,16,No
897,944,No
898,1859,No
899,1053,Yes
900,623,No
901,966,No
902,1731,No
903,704,No
904,872,No
905,1882,No
906,2049,No
907,355,Yes
908,1286,No
909,52,No
910,1469,No
911,405,Yes
912,151,No
913,1574,No
914,1952,No
915,1537,Yes
916,1794,No
917,2016,No
918,650,Yes
919,951,No
920,1158,No
921,1744,No
922,41,No
923,1009,No
924,1578,No
925,105,No
926,1948,No
927,797,No
928,732,No
929,1568,No
930,1605,No
931,379,No
932,634,No
933,1066,No
934,1687,No
935,283,Yes
936,1259,No
937,786,No
938,1735,No
939,1315,No
940,1770,No
941,1477,No
942,613,No
943,942,No
944,1374,No
945,481,No
946,1784,No
947,725,No
948,1180,No
949,74,No
950,834,No
951,282,Yes
952,132,No
953,54,No
954,656,No
955,784,No
956,1074,No
957,1501,No
958,710,No
959,1040,No
960,1068,No
961,855,No
962,1188,Yes
963,1747,Yes
964,347,No
965,239,No
966,1853,No
967,1221,No
968,1387,No
969,840,Yes
970,1301,No
971,68,No
972,1399,No
973,389,No
974,2056,No
975,690,No
976,893,No
977,1217,No
978,421,No
979,1944,Yes
980,554,Yes
981,217,No
982,1111,Yes
983,1995,No
984,1595,No
985,1907,Yes
986,1177,No
987,1047,No
988,1471,No
989,901,No
990,1790,No
991,1680,No
992,392,Yes
993,133,Yes
994,516,No
995,1621,No
996,1604,Yes
997,1580,No
998,1492,No
999,548,No
1000,1729,No
1001,1890,No
1002,1562,Yes
1003,571,No
1004,329,No
1005,1924,No
1006,1986,No
1007,923,Yes
1008,1864,No
1009,214,No
1010,373,No
1011,49,No
1012,1039,No
1013,473,No
1014,526,No
1015,2052,No
1016,117,No
1017,701,Yes
1018,1257,No
1019,1114,No
1020,878,No
1021,452,No
1022,597,No
1023,802,No
1024,478,Yes
1025,1649,Yes
1026,1048,No
1027,1132,No
1028,95,No
1029,1268,No
1030,91,No
1031,381,No
1032,547,No
1033,399,No
1034,832,No
1035,791,No
1036,247,No
1037,256,No
1038,1933,Yes
1039,1369,No
1040,591,No
1041,403,No
1042,361,No
1043,1029,No
1044,436,No
1045,996,No
1046,1992,No
1047,1010,Yes
1048,1234,No
1049,616,No
1050,1495,No
1051,1789,No
1052,1606,No
1053,467,No
1054,568,No
1055,1696,No
1056,287,No
1057,1664,No
1058,273,No
1059,1758,Yes
1060,645,No
1061,264,No
1062,447,No
1063,125,No
1064,1823,No
1065,1319,Yes
1066,1622,No
1067,202,No
1068,533,No
1069,90,Yes
1070,1179,No
1071,1195,No
1072,760,No
1073,1951,No
1074,525,No
1075,1249,No
1076,63,No
1077,1650,No
1078,1269,No
1079,249,No
1080,1857,No
1081,912,No
1082,1116,No
1083,1826,No
1084,579,No
1085,671,No
1086,61,No
1087,1898,No
1088,244,No
1089,1849,No
1090,1869,Yes
1091,679,No
1092,88,No
1093,1173,No
1094,1936,No
1095,58,Yes
1096,1856,No
1097,120,No
1098,995,No
1099,497,No
1100,327,No
1101,1099,No
1102,956,No
1103,1131,No
1104,1324,No
1105,1821,Yes
1106,101,No
1107,521,No
1108,86,No
1109,240,No
1110,1256,No
1111,899,No
1112,741,Yes
1113,271,No
1114,321,No
1115,1447,No
1116,1702,Yes
1117,648,Yes
1118,84,No
1119,1539,No
1120,425,No
1121,277,No
1122,1073,No
1123,1097,No
1124,1867,No
1125,691,No
1126,1424,No
1127,1473,No
1128,1003,No
1129,412,No
1130,635,No
1131,1025,No
1132,205,No
1133,192,No
1134,1762,No
1135,230,No
1136,508,No
1137,887,No
1138,1646,No
1139,1312,No
1140,176,No
1141,163,Yes
1142,142,Yes
1143,393,No
1144,311,No
1145,714,No
1146,267,No
1147,913,No
1148,1633,No
1149,2035,No
1150,1071,No
1151,1763,No
1152,1453,No
1153,1175,Yes
1154,167,Yes
1155,1105,No
1156,1993,No
1157,653,No
1158,1506,No
1159,323,No
1160,1052,Yes
1161,270,No
1162,1866,No
1163,342,Yes
1164,1478,No
1165,72,No
1166,1997,No
1167,861,No
1168,659,No
1169,1648,No
1170,1681,No
1171,46,No
1172,655,No
1173,2020,No
1174,1545,No
1175,60,No
1176,1582,No
1177,1577,No
1178,1060,No
1179,391,No
1180,1165,Yes
1181,590,Yes
1182,1642,No
1183,1860,No
1184,1625,No
1185,1764,No
1186,1787,No
1187,2013,No
1188,45,Yes
1189,1818,Yes
1190,1659,No
1191,2054,No
1192,517,No
1193,1842,Yes
1194,28,No
1195,2012,No
1196,1982,No
1197,1016,Yes
1198,502,Yes
1199,491,No
1200,79,No
1201,896,Yes
1202,349,No
1203,888,No
1204,1555,No
1205,600,No
1206,1203,Yes
1207,292,No
1208,1172,No
1209,647,Yes
1210,1306,No
1211,661,No
1212,1950,No
1213,1102,No
1214,2040,No
1215,231,No
1216,1792,Yes
1217,611,No
1218,22,No
1219,1128,No
1220,577,No
1221,97,No
1222,830,No
1223,1297,No
1224,1121,No
1225,1140,No
1226,466,No
1227,1334,No
1228,1,Yes
1229,1044,No
1230,1520,No
1231,1322,No
1232,18,No
1233,1030,No
1234,769,No
1235,867,No
1236,1934,No
1237,1394,No
1238,94,No
1239,1507,No
1240,1534,Yes
1241,903,No
1242,1844,Yes
1243,298,No
1244,330,No
1245,464,No
1246,1011,No
1247,19,Yes
1248,954,No
1249,1296,No
1250,2026,No
1251,531,No
1252,1220,No
1253,1513,No
1254,1908,No
1255,985,No
1256,618,No
1257,260,No
1258,813,No
1259,453,No
1260,477,No
1261,1905,Yes
1262,2051,No
1263,1338,No
1264,1708,No
1265,482,No
1266,698,No
1267,211,No
1268,909,No
1269,1653,No
1270,78,No
1271,442,No
1272,380,No
1273,199,No
1274,170,No
1275,81,No
1276,982,No
1277,809,No
1278,302,No
1279,390,No
1280,734,No
1281,394,Yes
1282,152,No
1283,1309,Yes
1284,569,No
1285,201,No
1286,1483,No
1287,974,No
1288,1597,No
1289,1219,Yes
1290,757,No
1291,1972,No
1292,1581,No
1293,1862,Yes
1294,2024,No
1295,1475,No
1296,689,No
1297,14,No
1298,643,No
1299,1779,No
1300,218,No
1301,1390,No
1302,1307,No
1303,1371,No
1304,1006,No
1305,1760,No
1306,1718,No
1307,705,No
1308,456,No
1309,85,No
1310,1050,No
1311,1061,No
1312,1514,No
1313,1549,No
1314,1590,No
1315,538,Yes
1316,100,No
1317,1994,No
1318,1918,No
1319,1019,No
1320,677,No
1321,1171,No
1322,522,No
1470,5001,No
1471,5002,Yes
1472,5003,No
1473,5004,No
1474,5005,Yes
1475,5006,Yes
1476,5007,No
1477,5008,Yes
1478,5009,No
1479,5010,Yes
1480,5011,Yes
1481,5012,Yes
1482,5013,Yes
1483,5014,Yes
1484,5015,No
1485,5016,No
1486,5017,Yes
1487,5018,No
1488,5019,Yes
1489,5020,Yes
1490,5021,Yes
1491,5022,Yes
1492,5023,Yes
1493,5024,No
1494,5025,Yes
1495,5026,No
1496,5027,Yes
1497,5028,Yes
1498,5029,Yes
1499,5030,Yes
1500,5031,Yes
1501,5032,Yes
1502,5033,Yes
1503,5034,Yes
1504,5035,Yes
1505,5036,No
1506,5037,Yes
1507,5038,Yes
1508,5039,Yes
1509,5040,Yes
1510,5041,Yes
1511,5042,Yes
1512,5043,Yes
1513,5044,Yes
1514,5045,Yes
1515,5046,Yes
1516,5047,Yes
1517,5048,Yes
1518,5049,Yes
1519,5050,Yes
1520,5051,Yes
1521,5052,Yes
1522,5053,Yes
1523,5054,No
1524,5055,Yes
1525,5056,Yes
1526,5057,No
1527,5058,No
1528,5059,No
1529,5060,No
1530,5061,No
1531,5062,No
1532,5063,Yes
1533,5064,Yes
1534,5065,No
1535,5066,Yes
1536,5067,Yes
1537,5068,Yes
1538,5069,Yes
1539,5070,No
1540,5071,Yes
1541,5072,No
1542,5073,No
1543,5074,No
1544,5075,Yes
1545,5076,No
1546,5077,No
1547,5078,Yes
1548,5079,Yes
1549,5080,Yes
1550,5081,Yes
1551,5082,Yes
1552,5083,Yes
1553,5084,Yes
1554,5085,No
1555,5086,Yes
1556,5087,Yes
1557,5088,Yes
1558,5089,Yes
1559,5090,No
1560,5091,No
1561,5092,Yes
1562,5093,Yes
1563,5094,No
1564,5095,Yes
1565,5096,Yes
1566,5097,Yes
1567,5098,Yes
1568,5099,Yes
1569,5100,Yes
1570,5101,Yes
1571,5102,Yes
1572,5103,Yes
1573,5104,Yes
1574,5105,No
1575,5106,No
1576,5107,Yes
1577,5108,Yes
1578,5109,No
1579,5110,No
1580,5111,Yes
1581,5112,No
1582,5113,Yes
1583,5114,Yes
1584,5115,No
1585,5116,Yes
1586,5117,No
1587,5118,Yes
1588,5119,Yes
1589,5120,No
1590,5121,No
1591,5122,Yes
1592,5123,Yes
1593,5124,No
1594,5125,Yes
1595,5126,Yes
1596,5127,Yes
1597,5128,No
1598,5129,Yes
1599,5130,Yes
1600,5131,Yes
1601,5132,Yes
1602,5133,Yes
1603,5134,Yes
1604,5135,Yes
1605,5136,Yes
1606,5137,No
1607,5138,No
1608,5139,Yes
1609,5140,Yes
1610,5141,No
1611,5142,Yes
1612,5143,Yes
1613,5144,No
1614,5145,No
1615,5146,Yes
1616,5147,Yes
1617,5148,Yes
1618,5149,Yes
1619,5150,No
1620,5151,No
1621,5152,Yes
1622,5153,No
1623,5154,No
1624,5155,Yes
1625,5156,No
1626,5157,Yes
1627,5158,Yes
1628,5159,Yes
1629,5160,Yes
1630,5161,Yes
1631,5162,Yes
1632,5163,Yes
1633,5164,Yes
1634,5165,Yes
1635,5166,No
1636,5167,Yes
1637,5168,Yes
1638,5169,Yes
1639,5170,Yes
1640,5171,No
1641,5172,Yes
1642,5173,Yes
1643,5174,Yes
1644,5175,No
1645,5176,No
1646,5177,Yes
1647,5178,No
1648,5179,No
1649,5180,Yes
1650,5181,Yes
1651,5182,Yes
1652,5183,Yes
1653,5184,Yes
1654,5185,Yes
1655,5186,Yes
1656,5187,Yes
1657,5188,Yes
1658,5189,Yes
1659,5190,Yes
1660,5191,No
1661,5192,No
1662,5193,Yes
1663,5194,Yes
1664,5195,Yes
1665,5196,Yes
1666,5197,No
1667,5198,Yes
1668,5199,Yes
1669,5200,Yes
1670,5201,Yes
1671,5202,Yes
1672,5203,No
1673,5204,Yes
1674,5205,No
1675,5206,Yes
1676,5207,Yes
1677,5208,Yes
1678,5209,No
1679,5210,No
1680,5211,Yes
1681,5212,Yes
1682,5213,Yes
1683,5214,Yes
1684,5215,Yes
1685,5216,No
1686,5217,Yes
1687,5218,Yes
1688,5219,Yes
1689,5220,Yes
1690,5221,Yes
1691,5222,Yes
1692,5223,Yes
1693,5224,Yes
1694,5225,No
1695,5226,Yes
1696,5227,Yes
1697,5228,Yes
1698,5229,Yes
1699,5230,Yes
1700,5231,Yes
1701,5232,Yes
1702,5233,Yes
1703,5234,Yes
1704,5235,Yes
1705,5236,No
1706,5237,Yes
1707,5238,No
1708,5239,Yes
1709,5240,No
1710,5241,Yes
1711,5242,Yes
1712,5243,Yes
1713,5244,Yes
1714,5245,No
1715,5246,Yes
1716,5247,Yes
1717,5248,No
1718,5249,Yes
1719,5250,No
1720,5251,No
1721,5252,No
1722,5253,Yes
1723,5254,Yes
1724,5255,Yes
1725,5256,Yes
1726,5257,No
1727,5258,No
1728,5259,Yes
1729,5260,No
1730,5261,No
1731,5262,Yes
1732,5263,Yes
1733,5264,Yes
1734,5265,No
1735,5266,Yes
1736,5267,No
1737,5268,Yes
1738,5269,No
1739,5270,Yes
1740,5271,Yes
1741,5272,No
1742,5273,Yes
1743,5274,No
1744,5275,Yes
1745,5276,No
1746,5277,No
1747,5278,Yes
1748,5279,No
1749,5280,Yes
1750,5281,No
1751,5282,No
1752,5283,No
1753,5284,Yes
1754,5285,Yes
1755,5286,Yes
1756,5287,Yes
1757,5288,No
1758,5289,Yes
1759,5290,Yes
1760,5291,Yes
1761,5292,Yes
1762,5293,No
1763,5294,Yes
1764,5295,No
1765,5296,Yes
1766,5297,No
1767,5298,Yes
1768,5299,Yes
1769,5300,Yes
1770,5301,Yes
1771,5302,Yes
1772,5303,Yes
1773,5304,Yes
1774,5305,No
1775,5306,No
1776,5307,No
1777,5308,Yes
1778,5309,Yes
1779,5310,Yes
1780,5311,Yes
1781,5312,No
1782,5313,No
1783,5314,Yes
1784,5315,Yes
1785,5316,Yes
1786,5317,No
1787,5318,No
1788,5319,Yes
1789,5320,No
1790,5321,No
1791,5322,Yes
1792,5323,Yes
1793,5324,Yes
1794,5325,No
1795,5326,Yes
1796,5327,Yes
1797,5328,No
1798,5329,No
1799,5330,Yes
1800,5331,Yes
1801,5332,No
1802,5333,Yes
1803,5334,No
1804,5335,No
1805,5336,No
1806,5337,Yes
1807,5338,No
1808,5339,Yes
1809,5340,Yes
1810,5341,No
1811,5342,Yes
1812,5343,Yes
1813,5344,No
1814,5345,Yes
1815,5346,Yes
1816,5347,No
1817,5348,Yes
1818,5349,No
1819,5350,Yes
1820,5351,No
1821,5352,Yes
1822,5353,Yes
1823,5354,Yes
1824,5355,Yes
1825,5356,Yes
1826,5357,No
1827,5358,Yes
1828,5359,Yes
1829,5360,No
1830,5361,Yes
1831,5362,Yes
1832,5363,No
1833,5364,No
1834,5365,No
1835,5366,Yes
1836,5367,Yes
1837,5368,No
1838,5369,No
1839,5370,Yes
1840,5371,Yes
1841,5372,No
1842,5373,No
1843,5374,Yes
1844,5375,Yes
1845,5376,No
1846,5377,Yes
1847,5378,Yes
1848,5379,No
1849,5380,Yes
1850,5381,No
1851,5382,Yes
1852,5383,Yes
1853,5384,Yes
1854,5385,Yes
1855,5386,No
1856,5387,Yes
1857,5388,Yes
1858,5389,Yes
1859,5390,Yes
1860,5391,Yes
1861,5392,No
1862,5393,Yes
1863,5394,No
1864,5395,Yes
1865,5396,Yes
1866,5397,Yes
1867,5398,Yes
1868,5399,No
1869,5400,Yes
1870,5401,Yes
1871,5402,Yes
1872,5403,Yes
1873,5404,Yes
1874,5405,Yes
1875,5406,No
1876,5407,Yes
1877,5408,Yes
1878,5409,Yes
1879,5410,Yes
1880,5411,Yes
1881,5412,Yes
1882,5413,Yes
1883,5414,Yes
1884,5415,Yes
1885,5416,No
1886,5417,Yes
1887,5418,Yes
1888,5419,Yes
1889,5420,No
1890,5421,Yes
1891,5422,No
1892,5423,Yes
1893,5424,Yes
1894,5425,No
1895,5426,No
1896,5427,Yes
1897,5428,Yes
1898,5429,No
1899,5430,Yes
1900,5431,No
1901,5432,Yes
1902,5433,Yes
1903,5434,Yes
1904,5435,Yes
1905,5436,Yes
1906,5437,Yes
1907,5438,Yes
1908,5439,No
1909,5440,Yes
1910,5441,Yes
1911,5442,Yes
1912,5443,No
1913,5444,Yes
1914,5445,Yes
1915,5446,Yes
1916,5447,No
1917,5448,No
1918,5449,Yes
1919,5450,Yes
1920,5451,Yes
1921,5452,Yes
1922,5453,Yes
1923,5454,Yes
1924,5455,No
1925,5456,Yes
1926,5457,No
1927,5458,Yes
1928,5459,Yes
1929,5460,No
1930,5461,Yes
1931,5462,No
1932,5463,Yes
1933,5464,No
1934,5465,Yes
1935,5466,Yes
1936,5467,No
1937,5468,Yes
1938,5469,Yes
1939,5470,No
1940,5471,Yes
1941,5472,Yes
1942,5473,No
1943,5474,Yes
1944,5475,Yes
1945,5476,Yes
1946,5477,No
1947,5478,No
1948,5479,Yes
1949,5480,Yes
1950,5481,No
1951,5482,No
1952,5483,No
1953,5484,No
1954,5485,Yes
1955,5486,No
1956,5487,Yes
1957,5488,No
1958,5489,No
1959,5490,No
1960,5491,No
1961,5492,Yes
1962,5493,Yes
1963,5494,Yes
1964,5495,Yes
1965,5496,Yes
1966,5497,Yes
1967,5498,Yes
1968,5499,Yes
1969,5500,No
1970,5501,Yes
1971,5502,Yes
1972,5503,Yes
1973,5504,No
1974,5505,No
1975,5506,No
1976,5507,No
1977,5508,Yes
1978,5509,No
1979,5510,Yes
1980,5511,Yes
1981,5512,No
1982,5513,Yes
1983,5514,Yes
1984,5515,Yes
1985,5516,Yes
1986,5517,No
1987,5518,Yes
1988,5519,No
1989,5520,Yes
1990,5521,Yes
1991,5522,Yes
1992,5523,Yes
1993,5524,Yes
1994,5525,No
1995,5526,Yes
1996,5527,Yes
1997,5528,Yes
1998,5529,Yes
1999,5530,Yes
2000,5531,No
2001,5532,Yes
2002,5533,Yes
2003,5534,No
2004,5535,Yes
2005,5536,Yes
2006,5537,No
2007,5538,No
2008,5539,No
2009,5540,Yes
2010,5541,No
2011,5542,Yes
2012,5543,Yes
2013,5544,Yes
2014,5545,Yes
2015,5546,Yes
2016,5547,Yes
2017,5548,No
2018,5549,Yes
2019,5550,No
2020,5551,Yes
2021,5552,Yes
2022,5553,Yes
2023,5554,No
2024,5555,Yes
2025,5556,No
2026,5557,Yes
2027,5558,No
2028,5559,Yes
2029,5560,Yes
2030,5561,Yes
2031,5562,No
2032,5563,Yes
2033,5564,No
2034,5565,Yes
2035,5566,Yes
2036,5567,Yes
2037,5568,Yes
2038,5569,Yes
2039,5570,Yes
2040,5571,No
2041,5572,No
2042,5573,No
2043,5574,Yes
2044,5575,Yes
2045,5576,No
2046,5577,No
2047,5578,Yes
2048,5579,Yes
2049,5580,No
2050,5581,Yes
2051,5582,Yes
2052,5583,Yes
2053,5584,Yes
2054,5585,Yes
2055,5586,Yes
2056,5587,Yes
2057,5588,Yes
2058,5589,No
2059,5590,Yes
2060,5591,Yes
2061,5592,Yes
2062,5593,Yes
2063,5594,No
2064,5595,Yes
2065,5596,Yes
2066,5597,Yes
2067,5598,Yes
2068,5599,No
2069,5600,No
2070,5601,Yes
2071,5602,No
2072,5603,No
2073,5604,Yes
2074,5605,Yes
2075,5606,Yes
2076,5607,No
2077,5608,No
2078,5609,No
2079,5610,Yes
2080,5611,Yes
2081,5612,Yes
2082,5613,Yes
2083,5614,Yes
2084,5615,Yes
2085,5616,Yes
2086,5617,Yes
2087,5618,Yes
2088,5619,No
2089,5620,Yes
2090,5621,Yes
2091,5622,Yes
2092,5623,Yes
2093,5624,Yes
2094,5625,Yes
2095,5626,Yes
2096,5627,Yes
2097,5628,Yes
2098,5629,Yes
2099,5630,Yes
2100,5631,Yes
2101,5632,Yes
2102,5633,No
2103,5634,Yes
2104,5635,Yes
2105,5636,Yes
2106,5637,Yes
2107,5638,No
2108,5639,No
2109,5640,Yes
2110,5641,No
2111,5642,No
2112,5643,Yes
2113,5644,No
2114,5645,Yes
2115,5646,Yes
2116,5647,No
2117,5648,Yes
2118,5649,Yes
2119,5650,Yes
2120,5651,Yes
2121,5652,Yes
2122,5653,Yes
2123,5654,No
2124,5655,Yes
2125,5656,Yes
2126,5657,No
2127,5658,Yes
2128,5659,Yes
2129,5660,Yes
2130,5661,No
2131,5662,No
2132,5663,Yes
2133,5664,No
2134,5665,Yes
2135,5666,No
2136,5667,Yes
2137,5668,No
2138,5669,No
2139,5670,No
2140,5671,No
2141,5672,No
2142,5673,Yes
2143,5674,No
2144,5675,Yes
2145,5676,No
2146,5677,Yes
2147,5678,Yes
2148,5679,Yes
2149,5680,No
2150,5681,No
2151,5682,No
2152,5683,Yes
2153,5684,Yes
2154,5685,Yes
2155,5686,No
2156,5687,No
2157,5688,Yes
2158,5689,Yes
2159,5690,Yes
2160,5691,Yes
2161,5692,No
2162,5693,Yes
2163,5694,Yes
2164,5695,Yes
2165,5696,Yes
2166,5697,Yes
2167,5698,No
2168,5699,Yes
2169,5700,No
2170,5701,Yes
2171,5702,Yes
2172,5703,Yes
2173,5704,No
2174,5705,Yes
2175,5706,No
2176,5707,Yes
2177,5708,Yes
2178,5709,Yes
2179,5710,No
2180,5711,Yes
2181,5712,Yes
2182,5713,No
2183,5714,No
2184,5715,Yes
2185,5716,No
2186,5717,Yes
2187,5718,Yes
2188,5719,Yes
2189,5720,Yes
2190,5721,No
2191,5722,Yes
2192,5723,Yes
2193,5724,Yes
2194,5725,Yes
2195,5726,Yes
2196,5727,Yes
2197,5728,Yes
2198,5729,No
2199,5730,No
2200,5731,Yes
2201,5732,Yes
2202,5733,Yes
2203,5734,Yes
2204,5735,No
2205,5736,No
2206,5737,Yes
2207,5738,Yes
2208,5739,No
2209,5740,Yes
2210,5741,Yes
2211,5742,No
2212,5743,Yes
2213,5744,No
2214,5745,Yes
2215,5746,No
2216,5747,No
2217,5748,Yes
2218,5749,No
2219,5750,No
2220,5751,No
2221,5752,No
2222,5753,No
2223,5754,Yes
2224,5755,Yes
2225,5756,Yes
2226,5757,Yes
2227,5758,Yes
2228,5759,Yes
2229,5760,Yes
2230,5761,Yes
2231,5762,No
2232,5763,Yes
2233,5764,No
2234,5765,Yes
2235,5766,No
2236,5767,No
2237,5768,No
2238,5769,Yes
2239,5770,Yes
2240,5771,Yes
2241,5772,No
2242,5773,Yes
2243,5774,Yes
2244,5775,No
2245,5776,Yes
2246,5777,Yes
2247,5778,Yes
2248,5779,Yes
2249,5780,No
2250,5781,Yes
2251,5782,Yes
2252,5783,No
2253,5784,Yes
2254,5785,Yes
2255,5786,Yes
2256,5787,No
2257,5788,Yes
2258,5789,Yes
2259,5790,No
2260,5791,No
2261,5792,Yes
2262,5793,No
2263,5794,Yes
2264,5795,Yes
2265,5796,Yes
2266,5797,No
2267,5798,Yes
2268,5799,Yes
2269,5800,No
2270,5801,Yes
2271,5802,No
2272,5803,Yes
2273,5804,No
2274,5805,Yes
2275,5806,Yes
2276,5807,No
2277,5808,No
2278,5809,Yes
2279,5810,Yes
2280,5811,Yes
2281,5812,Yes
2282,5813,Yes
2283,5814,Yes
2284,5815,No
2285,5816,Yes
2286,5817,Yes
2287,5818,Yes
2288,5819,Yes
2289,5820,No
2290,5821,No
2291,5822,Yes
2292,5823,Yes
2293,5824,Yes
2294,5825,Yes
2295,5826,Yes
2296,5827,Yes
2297,5828,No
2298,5829,Yes
2299,5830,Yes
2300,5831,No
2301,5832,Yes
2302,5833,Yes
2303,5834,Yes
2304,5835,Yes
2305,5836,Yes
2306,5837,Yes
2307,5838,Yes
2308,5839,No
2309,5840,Yes
2310,5841,Yes
2311,5842,Yes
2312,5843,Yes
2313,5844,Yes
2314,5845,No
2315,5846,Yes
2316,5847,No
2317,5848,Yes
2318,5849,No
2319,5850,Yes
2320,5851,No
2321,5852,Yes
2322,5853,No
2323,5854,Yes
2324,5855,No
2325,5856,Yes
2326,5857,Yes
2327,5858,No
2328,5859,Yes
2329,5860,Yes
2330,5861,No
2331,5862,Yes
2332,5863,Yes
2333,5864,Yes
2334,5865,No
2335,5866,Yes
2336,5867,Yes
2337,5868,Yes
2338,5869,Yes
2339,5870,Yes
2340,5871,No
2341,5872,Yes
2342,5873,Yes
2343,5874,No
2344,5875,No
2345,5876,Yes
2346,5877,Yes
2347,5878,Yes
2348,5879,Yes
2349,5880,No
2350,5881,Yes
2351,5882,Yes
2352,5883,Yes
2353,5884,No
2354,5885,Yes
2355,5886,Yes
2356,5887,No
2357,5888,Yes
2358,5889,No
2359,5890,No
2360,5891,Yes
2361,5892,Yes
2362,5893,Yes
2363,5894,Yes
2364,5895,Yes
2365,5896,No
2366,5897,Yes
2367,5898,No
2368,5899,Yes
2369,5900,No
2370,5901,No
2371,5902,Yes
2372,5903,Yes
2373,5904,Yes
2374,5905,Yes
2375,5906,No
2376,5907,Yes
2377,5908,Yes
2378,5909,Yes
2379,5910,Yes
2380,5911,Yes
2381,5912,No
2382,5913,Yes
2383,5914,Yes
2384,5915,Yes
2385,5916,No
2386,5917,Yes
2387,5918,Yes
2388,5919,Yes
2389,5920,No
2390,5921,Yes
2391,5922,Yes
2392,5923,Yes
2393,5924,Yes
2394,5925,Yes
2395,5926,Yes
2396,5927,Yes
2397,5928,Yes
2398,5929,No
2399,5930,No
2400,5931,Yes
2401,5932,Yes
2402,5933,Yes
2403,5934,No
2404,5935,Yes
2405,5936,Yes
2406,5937,Yes
2407,5938,No
2408,5939,Yes
2409,5940,No
2410,5941,Yes
2411,5942,Yes
2412,5943,No
2413,5944,No
2414,5945,No
2415,5946,No
2416,5947,Yes
2417,5948,Yes
2418,5949,No
2419,5950,Yes
2420,5951,No
2421,5952,No
2422,5953,Yes
2423,5954,No
2424,5955,No
2425,5956,Yes
2426,5957,Yes
2427,5958,Yes
2428,5959,Yes
2429,5960,No
2430,5961,No
2431,5962,Yes
2432,5963,Yes
2433,5964,Yes
2434,5965,Yes
2435,5966,No
2436,5967,Yes
2437,5968,Yes
2438,5969,Yes
2439,5970,Yes
2440,5971,No
2441,5972,Yes
2442,5973,Yes
2443,5974,No
2444,5975,Yes
2445,5976,Yes
2446,5977,Yes
2447,5978,Yes
2448,5979,Yes
2449,5980,Yes
2450,5981,Yes
2451,5982,No
2452,5983,Yes
2453,5984,Yes
2454,5985,Yes
2455,5986,Yes
2456,5987,Yes
2457,5988,Yes
2458,5989,Yes
2459,5990,Yes
2460,5991,Yes
2461,5992,Yes
2462,5993,Yes
2463,5994,No
2464,5995,Yes
2465,5996,Yes
2466,5997,No
2467,5998,Yes
2468,5999,Yes
2469,6000,No
2470,6001,No
2471,6002,Yes
2472,6003,No
2473,6004,Yes
2474,6005,No
2475,6006,Yes
2476,6007,Yes
2477,6008,Yes
2478,6009,Yes
2479,6010,No
2480,6011,Yes
2481,6012,Yes
2482,6013,No
2483,6014,Yes
2484,6015,No
2485,6016,Yes
2486,6017,Yes
2487,6018,No
2488,6019,No
2489,6020,No
2490,6021,Yes
2491,6022,Yes
2492,6023,Yes
2493,6024,No
2494,6025,No
2495,6026,No
2496,6027,Yes
2497,6028,Yes
2498,6029,No
2499,6030,Yes
2500,6031,No
2501,6032,Yes
2502,6033,Yes
2503,6034,No
2504,6035,Yes
2505,6036,Yes
2506,6037,Yes
2507,6038,Yes
2508,6039,Yes
2509,6040,Yes
2510,6041,Yes
2511,6042,Yes
2512,6043,Yes
2513,6044,Yes
2514,6045,Yes
2515,6046,Yes
2516,6047,Yes
2517,6048,Yes
2518,6049,No
2519,6050,Yes
2520,6051,Yes
2521,6052,No
2522,6053,Yes
2523,6054,No
2524,6055,No
2525,6056,Yes
2526,6057,No
2527,6058,No
2528,6059,No
2529,6060,Yes
2530,6061,No
2531,6062,No
2532,6063,Yes
2533,6064,Yes
2534,6065,Yes
2535,6066,Yes
2536,6067,Yes
2537,6068,Yes
2538,6069,Yes
2539,6070,Yes
2540,6071,Yes
2541,6072,No
2542,6073,Yes
2543,6074,Yes
2544,6075,No
2545,6076,Yes
2546,6077,Yes
2547,6078,Yes
2548,6079,Yes
2549,6080,No
2550,6081,No
2551,6082,Yes
2552,6083,Yes
2553,6084,Yes
2554,6085,Yes
2555,6086,Yes
2556,6087,Yes
2557,6088,No
2558,6089,Yes
2559,6090,Yes
2560,6091,Yes
2561,6092,Yes
2562,6093,No
2563,6094,Yes
2564,6095,Yes
2565,6096,Yes
2566,6097,No
2567,6098,No
2568,6099,Yes
2569,6100,Yes
2570,6101,Yes
2571,6102,Yes
2572,6103,Yes
2573,6104,Yes
2574,6105,Yes
2575,6106,Yes
2576,6107,No
2577,6108,Yes
2578,6109,Yes
2579,6110,Yes
2580,6111,Yes
2581,6112,No
2582,6113,Yes
2583,6114,Yes
2584,6115,Yes
2585,6116,No
2586,6117,No
2587,6118,Yes
2588,6119,Yes
2589,6120,Yes
2590,6121,No
2591,6122,Yes
2592,6123,No
2593,6124,Yes
2594,6125,Yes
2595,6126,No
2596,6127,No
2597,6128,Yes
2598,6129,No
2599,6130,Yes
2600,6131,Yes
2601,6132,Yes
2602,6133,Yes
2603,6134,No
2604,6135,Yes
2605,6136,Yes
2606,6137,No
2607,6138,Yes
2608,6139,No
2609,6140,Yes
2610,6141,No
2611,6142,No
2612,6143,Yes
2613,6144,Yes
2614,6145,Yes
2615,6146,Yes
2616,6147,Yes
2617,6148,Yes
2618,6149,No
2619,6150,No
2620,6151,No
2621,6152,Yes
2622,6153,No
2623,6154,Yes
2624,6155,Yes
2625,6156,Yes
2626,6157,No
2627,6158,Yes
2628,6159,No
2629,6160,Yes
2630,6161,Yes
2631,6162,Yes
2632,6163,Yes
2633,6164,Yes
2634,6165,No
2635,6166,Yes
2636,6167,No
2637,6168,Yes
2638,6169,Yes
2639,6170,Yes
2640,6171,Yes
2641,6172,No
2642,6173,Yes
2643,6174,Yes
2644,6175,No
2645,6176,Yes
2646,6177,No
2647,6178,No
2648,6179,Yes
2649,6180,Yes
2650,6181,No
2651,6182,No
2652,6183,No
2653,6184,No
2654,6185,Yes
2655,6186,Yes
2656,6187,No
2657,6188,No
2658,6189,Yes
2659,6190,Yes
2660,6191,Yes
2661,6192,Yes
2662,6193,Yes
2663,6194,No
2664,6195,Yes
2665,6196,Yes
2666,6197,Yes
2667,6198,Yes
2668,6199,Yes
2669,6200,Yes
2670,6201,No
2671,6202,No
2672,6203,No
2673,6204,Yes
2674,6205,Yes
2675,6206,No
2676,6207,No
2677,6208,Yes
2678,6209,Yes
2679,6210,No
2680,6211,Yes
2681,6212,No
2682,6213,No
2683,6214,No
2684,6215,No
2685,6216,No
2686,6217,Yes
2687,6218,Yes
2688,6219,Yes
2689,6220,Yes
2690,6221,Yes
2691,6222,Yes
2692,6223,Yes
2693,6224,Yes
2694,6225,Yes
2695,6226,Yes
2696,6227,No
2697,6228,Yes
2698,6229,No
2699,6230,No
2700,6231,Yes
2701,6232,Yes
2702,6233,No
2703,6234,No
2704,6235,No
2705,6236,Yes
2706,6237,Yes
2707,6238,Yes
2708,6239,Yes
2709,6240,Yes
2710,6241,Yes
2711,6242,Yes
2712,6243,Yes
2713,6244,Yes
2714,6245,No
2715,6246,No
2716,6247,No
2717,6248,No
2718,6249,Yes
2719,6250,No
2720,6251,Yes
2721,6252,Yes
2722,6253,Yes
2723,6254,Yes
2724,6255,Yes
2725,6256,Yes
2726,6257,Yes
2727,6258,Yes
2728,6259,Yes
2729,6260,No
2730,6261,Yes
2731,6262,No
2732,6263,No
2733,6264,No
2734,6265,Yes
2735,6266,Yes
2736,6267,No
2737,6268,Yes
2738,6269,No
2739,6270,Yes
2740,6271,No
2741,6272,No
2742,6273,Yes
2743,6274,Yes
2744,6275,Yes
2745,6276,Yes
2746,6277,Yes
2747,6278,No
2748,6279,Yes
2749,6280,Yes
2750,6281,Yes
2751,6282,Yes
2752,6283,Yes
2753,6284,Yes
2754,6285,Yes
2755,6286,No
2756,6287,No
2757,6288,Yes
2758,6289,Yes
2759,6290,No
2760,6291,Yes
2761,6292,No
2762,6293,Yes
2763,6294,No
2764,6295,Yes
2765,6296,Yes
2766,6297,No
2767,6298,Yes
2768,6299,Yes
2769,6300,Yes
2770,6301,Yes
2771,6302,No
2772,6303,Yes
2773,6304,Yes
2774,6305,Yes
2775,6306,Yes
2776,6307,No
2777,6308,No
2778,6309,No
2779,6310,Yes
2780,6311,Yes
2781,6312,Yes
2782,6313,Yes
2783,6314,No
2784,6315,No
2785,6316,No
2786,6317,Yes
2787,6318,Yes
2788,6319,Yes
2789,6320,Yes
2790,6321,Yes
2791,6322,Yes
2792,6323,No
2793,6324,Yes
2794,6325,Yes
2795,6326,No
2796,6327,Yes
2797,6328,No
2798,6329,No
2799,6330,No
2800,6331,No
2801,6332,No
2802,6333,Yes
2803,6334,Yes
2804,6335,Yes
2805,6336,Yes
2806,6337,Yes
2807,6338,No
2808,6339,Yes
2809,6340,Yes
2810,6341,Yes
2811,6342,Yes
2812,6343,No
2813,6344,No
2814,6345,No
2815,6346,No
2816,6347,Yes
2817,6348,Yes
2818,6349,No
2819,6350,Yes
2820,6351,No
2821,6352,No
2822,6353,Yes
2823,6354,No
2824,6355,Yes
2825,6356,Yes
2826,6357,No
2827,6358,Yes
2828,6359,Yes
2829,6360,Yes
2830,6361,Yes
2831,6362,Yes
2832,6363,Yes
2833,6364,Yes
2834,6365,Yes
2835,6366,No
2836,6367,Yes
2837,6368,Yes
2838,6369,Yes
2839,6370,Yes
2840,6371,Yes
2841,6372,Yes
2842,6373,Yes
2843,6374,Yes
2844,6375,No
2845,6376,No
2846,6377,Yes
2847,6378,Yes
2848,6379,No
2849,6380,Yes
2850,6381,No
2851,6382,Yes
2852,6383,Yes
2853,6384,No
2854,6385,Yes
2855,6386,Yes
2856,6387,Yes
2857,6388,No
2858,6389,Yes
2859,6390,No
2860,6391,Yes
2861,6392,Yes
2862,6393,No
2863,6394,Yes
2864,6395,Yes
2865,6396,No
2866,6397,Yes
2867,6398,Yes
2868,6399,No
2869,6400,Yes
2870,6401,Yes
2871,6402,Yes
2872,6403,Yes
2873,6404,Yes
2874,6405,Yes
2875,6406,No
2876,6407,Yes
2877,6408,Yes
2878,6409,Yes
2879,6410,Yes
2880,6411,No
2881,6412,Yes
2882,6413,No
2883,6414,Yes
2884,6415,Yes
2885,6416,No
2886,6417,Yes
2887,6418,No
2888,6419,Yes
2889,6420,Yes
2890,6421,Yes
2891,6422,Yes
2892,6423,Yes
2893,6424,Yes
2894,6425,Yes
2895,6426,Yes
2896,6427,No
2897,6428,Yes
2898,6429,No
2899,6430,No
2900,6431,No
2901,6432,No
2902,6433,Yes
2903,6434,Yes
2904,6435,Yes
2905,6436,Yes
2906,6437,No
2907,6438,No
2908,6439,Yes
2909,6440,Yes
2910,6441,No
2911,6442,Yes
2912,6443,Yes
2913,6444,Yes
2914,6445,Yes
2915,6446,Yes
2916,6447,Yes
2917,6448,Yes
2918,6449,Yes
2919,6450,Yes
2920,6451,No
2921,6452,No
2922,6453,Yes
2923,6454,Yes
2924,6455,No
2925,6456,No
2926,6457,No
2927,6458,No
2928,6459,Yes
2929,6460,No
2930,6461,No
2931,6462,No
2932,6463,Yes
2933,6464,Yes
2934,6465,No
2935,6466,No
2936,6467,Yes
2937,6468,No
2938,6469,Yes
2939,6470,Yes
2940,6471,Yes
2941,6472,No
2942,6473,No
2943,6474,Yes
2944,6475,Yes
2945,6476,No
2946,6477,No
2947,6478,Yes
2948,6479,Yes
2949,6480,Yes
2950,6481,No
2951,6482,Yes
2952,6483,Yes
2953,6484,No
2954,6485,Yes
2955,6486,Yes
2956,6487,No
2957,6488,Yes
2958,6489,Yes
2959,6490,No
2960,6491,Yes
2961,6492,No
2962,6493,Yes
2963,6494,Yes
2964,6495,Yes
2965,6496,No
2966,6497,Yes
2967,6498,No
2968,6499,Yes
2969,6500,Yes
2970,6501,Yes
2971,6502,Yes
2972,6503,No
2973,6504,No
2974,6505,Yes
2975,6506,Yes
2976,6507,Yes
2977,6508,Yes
2978,6509,Yes
2979,6510,Yes
2980,6511,Yes
2981,6512,No
2982,6513,Yes
2983,6514,Yes
2984,6515,No
2985,6516,Yes
2986,6517,No
2987,6518,Yes
2988,6519,No
2989,6520,Yes
2990,6521,No
2991,6522,Yes
2992,6523,Yes
2993,6524,Yes
2994,6525,Yes
2995,6526,Yes
2996,6527,Yes
2997,6528,No
2998,6529,Yes
2999,6530,Yes
3000,6531,Yes
3001,6532,Yes
3002,6533,Yes
3003,6534,Yes
3004,6535,Yes
3005,6536,Yes
3006,6537,No
3007,6538,Yes
3008,6539,No
3009,6540,Yes
3010,6541,Yes
3011,6542,Yes
3012,6543,No
3013,6544,No
3014,6545,Yes
3015,6546,No
3016,6547,Yes
3017,6548,Yes
3018,6549,No
3019,6550,Yes
3020,6551,Yes
3021,6552,Yes
3022,6553,Yes
3023,6554,Yes
3024,6555,Yes
3025,6556,Yes
3026,6557,Yes
3027,6558,Yes
3028,6559,Yes
3029,6560,No
3030,6561,No
3031,6562,Yes
3032,6563,Yes
3033,6564,No
3034,6565,Yes
3035,6566,Yes
3036,6567,Yes
3037,6568,No
3038,6569,Yes
3039,6570,Yes
3040,6571,Yes
3041,6572,No
3042,6573,Yes
3043,6574,No
3044,6575,Yes
3045,6576,No
3046,6577,Yes
3047,6578,Yes
3048,6579,Yes
3049,6580,Yes
3050,6581,Yes
3051,6582,No
3052,6583,No
3053,6584,Yes
3054,6585,No
3055,6586,No
3056,6587,No
3057,6588,No
3058,6589,Yes
3059,6590,Yes
3060,6591,Yes
3061,6592,Yes
3062,6593,No
3063,6594,No
3064,6595,Yes
3065,6596,No
3066,6597,Yes
3067,6598,Yes
3068,6599,Yes
3069,6600,No
3070,6601,No
3071,6602,No
3072,6603,No
3073,6604,No
3074,6605,Yes
3075,6606,Yes
3076,6607,Yes
3077,6608,Yes
3078,6609,Yes
3079,6610,No
3080,6611,Yes
3081,6612,Yes
3082,6613,Yes
3083,6614,Yes
3084,6615,Yes
3085,6616,No
3086,6617,Yes
3087,6618,Yes
3088,6619,Yes
3089,6620,Yes
3090,6621,Yes
3091,6622,Yes
3092,6623,Yes
3093,6624,Yes
3094,6625,Yes
3095,6626,Yes
3096,6627,Yes
3097,6628,Yes
3098,6629,No
3099,6630,Yes
3100,6631,No
3101,6632,No
3102,6633,Yes
3103,6634,No
3104,6635,No
3105,6636,Yes
3106,6637,Yes
3107,6638,Yes
3108,6639,No
3109,6640,Yes
3110,6641,No
3111,6642,Yes
3112,6643,Yes
3113,6644,Yes
3114,6645,Yes
3115,6646,Yes
3116,6647,Yes
3117,6648,Yes
3118,6649,Yes
3119,6650,No
3120,6651,No
3121,6652,Yes
3122,6653,Yes
3123,6654,Yes
3124,6655,Yes
3125,6656,Yes
3126,6657,Yes
3127,6658,No
3128,6659,No
3129,6660,Yes
3130,6661,No
3131,6662,Yes
3132,6663,Yes
3133,6664,Yes
3134,6665,No
3135,6666,No
3136,6667,No
3137,6668,Yes
3138,6669,Yes
3139,6670,No
3140,6671,Yes
3141,6672,Yes
3142,6673,Yes
3143,6674,Yes
3144,6675,Yes
3145,6676,No
3146,6677,No
3147,6678,No
3148,6679,Yes
3149,6680,Yes
3150,6681,Yes
3151,6682,No
3152,6683,No
3153,6684,Yes
3154,6685,Yes
3155,6686,Yes
3156,6687,Yes
3157,6688,No
3158,6689,No
3159,6690,No
3160,6691,No
3161,6692,Yes
3162,6693,Yes
3163,6694,Yes
3164,6695,No
3165,6696,Yes
3166,6697,Yes
3167,6698,Yes
3168,6699,No
3169,6700,No
3170,6701,Yes
3171,6702,Yes
3172,6703,No
3173,6704,No
3174,6705,Yes
3175,6706,No
3176,6707,Yes
3177,6708,Yes
3178,6709,Yes
3179,6710,Yes
3180,6711,No
3181,6712,No
3182,6713,Yes
3183,6714,Yes
3184,6715,Yes
3185,6716,No
3186,6717,Yes
3187,6718,Yes
3188,6719,Yes
3189,6720,Yes
3190,6721,No
3191,6722,Yes
3192,6723,Yes
3193,6724,No
3194,6725,Yes
3195,6726,Yes
3196,6727,No
3197,6728,No
3198,6729,No
3199,6730,Yes
3200,6731,No
3201,6732,Yes
3202,6733,No
3203,6734,Yes
3204,6735,Yes
3205,6736,Yes
3206,6737,Yes
3207,6738,Yes
3208,6739,Yes
3209,6740,Yes
3210,6741,No
3211,6742,Yes
3212,6743,Yes
3213,6744,Yes
3214,6745,No
3215,6746,No
3216,6747,No
3217,6748,Yes
3218,6749,Yes
3219,6750,No
3220,6751,Yes
3221,6752,No
3222,6753,Yes
3223,6754,Yes
3224,6755,No
3225,6756,Yes
3226,6757,Yes
3227,6758,Yes
3228,6759,Yes
3229,6760,Yes
3230,6761,Yes
3231,6762,Yes
3232,6763,No
3233,6764,No
3234,6765,Yes
3235,6766,Yes
3236,6767,Yes
3237,6768,Yes
3238,6769,Yes
3239,6770,Yes
3240,6771,No
3241,6772,No
3242,6773,No
3243,6774,No
3244,6775,Yes
3245,6776,Yes
3246,6777,No
3247,6778,No
3248,6779,No
3249,6780,Yes
3250,6781,No
3251,6782,Yes
3252,6783,Yes
3253,6784,Yes
3254,6785,Yes
3255,6786,Yes
3256,6787,No
3257,6788,No
3258,6789,No
3259,6790,Yes
3260,6791,No
3261,6792,No
3262,6793,Yes
3263,6794,No
3264,6795,Yes
3265,6796,Yes
3266,6797,No
3267,6798,Yes
3268,6799,Yes
3269,6800,Yes
3270,6801,No
3271,6802,Yes
3272,6803,Yes
3273,6804,Yes
3274,6805,No
3275,6806,Yes
3276,6807,No
3277,6808,Yes
3278,6809,Yes
3279,6810,No
3280,6811,No
3281,6812,No
3282,6813,No
3283,6814,Yes
3284,6815,Yes
3285,6816,Yes
3286,6817,Yes
3287,6818,Yes
3288,6819,No
3289,6820,Yes
3290,6821,Yes
3291,6822,Yes
3292,6823,No
3293,6824,Yes
3294,6825,No
3295,6826,No
3296,6827,Yes
3297,6828,Yes
3298,6829,Yes
3299,6830,Yes
3300,6831,No
3301,6832,No
3302,6833,Yes
3303,6834,Yes
3304,6835,Yes
3305,6836,Yes
3306,6837,Yes
3307,6838,Yes
3308,6839,Yes
3309,6840,Yes
3310,6841,No
3311,6842,Yes
3312,6843,Yes
3313,6844,Yes
3314,6845,Yes
3315,6846,No
3316,6847,Yes
3317,6848,Yes
3318,6849,No
3319,6850,Yes
3320,6851,Yes
3321,6852,Yes
3322,6853,Yes
3323,6854,Yes
3324,6855,Yes
3325,6856,Yes
3326,6857,Yes
3327,6858,Yes
3328,6859,Yes
3329,6860,Yes
3330,6861,Yes
3331,6862,Yes
3332,6863,No
3333,6864,No
3334,6865,Yes
3335,6866,No
3336,6867,Yes
3337,6868,No
3338,6869,Yes
3339,6870,Yes
3340,6871,Yes
3341,6872,No
3342,6873,No
3343,6874,No
3344,6875,Yes
3345,6876,No
3346,6877,No
3347,6878,Yes
3348,6879,Yes
3349,6880,Yes
3350,6881,Yes
3351,6882,Yes
3352,6883,Yes
3353,6884,Yes
3354,6885,Yes
3355,6886,No
3356,6887,Yes
3357,6888,No
3358,6889,Yes
3359,6890,No
3360,6891,Yes
3361,6892,Yes
3362,6893,Yes
3363,6894,Yes
3364,6895,Yes
3365,6896,No
3366,6897,Yes
3367,6898,Yes
3368,6899,No
3369,6900,No
3370,6901,Yes
3371,6902,Yes
3372,6903,Yes
3373,6904,Yes
3374,6905,Yes
3375,6906,No
3376,6907,No
3377,6908,No
3378,6909,Yes
3379,6910,Yes
3380,6911,Yes
3381,6912,No
3382,6913,No
3383,6914,No
3384,6915,Yes
3385,6916,Yes
3386,6917,Yes
3387,6918,Yes
3388,6919,Yes
3389,6920,Yes
3390,6921,Yes
3391,6922,Yes
3392,6923,No
3393,6924,Yes
3394,6925,Yes
3395,6926,Yes
3396,6927,Yes
3397,6928,Yes
3398,6929,Yes
3399,6930,Yes
3400,6931,Yes
3401,6932,Yes
3402,6933,Yes
3403,6934,Yes
3404,6935,Yes
3405,6936,Yes
3406,6937,Yes
3407,6938,Yes
3408,6939,Yes
3409,6940,No
3410,6941,Yes
3411,6942,Yes
3412,6943,No
3413,6944,Yes
3414,6945,No
3415,6946,Yes
3416,6947,Yes
3417,6948,No
3418,6949,Yes
3419,6950,Yes
3420,6951,Yes
3421,6952,Yes
3422,6953,No
3423,6954,Yes
3424,6955,Yes
3425,6956,Yes
3426,6957,Yes
3427,6958,Yes
3428,6959,Yes
3429,6960,Yes
3430,6961,No
3431,6962,Yes
3432,6963,Yes
3433,6964,No
3434,6965,Yes
3435,6966,Yes
3436,6967,Yes
3437,6968,Yes
3438,6969,Yes
3439,6970,No
3440,6971,Yes
3441,6972,Yes
3442,6973,Yes
3443,6974,Yes
3444,6975,Yes
3445,6976,Yes
3446,6977,Yes
3447,6978,Yes
3448,6979,Yes
3449,6980,Yes
3450,6981,Yes
3451,6982,No
3452,6983,Yes
3453,6984,Yes
3454,6985,Yes
3455,6986,Yes
3456,6987,No
3457,6988,Yes
3458,6989,Yes
3459,6990,Yes
3460,6991,Yes
3461,6992,No
3462,6993,No
3463,6994,No
3464,6995,Yes
3465,6996,No
3466,6997,No
3467,6998,No
3468,6999,No
3469,7000,Yes
3470,7001,No
3471,7002,No
3472,7003,Yes
3473,7004,Yes
3474,7005,Yes
3475,7006,Yes
3476,7007,Yes
3477,7008,Yes
3478,7009,Yes
3479,7010,No
3480,7011,Yes
3481,7012,Yes
3482,7013,No
3483,7014,Yes
3484,7015,Yes
3485,7016,No
3486,7017,Yes
3487,7018,Yes
3488,7019,Yes
3489,7020,Yes
3490,7021,Yes
3491,7022,Yes
3492,7023,No
3493,7024,Yes
3494,7025,No
3495,7026,Yes
3496,7027,Yes
3497,7028,No
3498,7029,Yes
3499,7030,Yes
3500,7031,Yes
3501,7032,Yes
3502,7033,No
3503,7034,Yes
3504,7035,Yes
3505,7036,Yes
3506,7037,Yes
3507,7038,Yes
3508,7039,Yes
3509,7040,Yes
3510,7041,Yes
3511,7042,Yes
3512,7043,No
3513,7044,Yes
3514,7045,No
3515,7046,No
3516,7047,Yes
3517,7048,Yes
3518,7049,Yes
3519,7050,Yes
3520,7051,Yes
3521,7052,No
3522,7053,Yes
3523,7054,Yes
3524,7055,Yes
3525,7056,No
3526,7057,Yes
3527,7058,Yes
3528,7059,No
3529,7060,Yes
3530,7061,Yes
3531,7062,No
3532,7063,Yes
3533,7064,No
3534,7065,Yes
3535,7066,Yes
3536,7067,No
3537,7068,Yes
3538,7069,Yes
3539,7070,No
3540,7071,Yes
3541,7072,Yes
3542,7073,Yes
3543,7074,Yes
3544,7075,Yes
3545,7076,No
3546,7077,Yes
3547,7078,No
3548,7079,Yes
3549,7080,No
3550,7081,Yes
3551,7082,No
3552,7083,Yes
3553,7084,Yes
3554,7085,No
3555,7086,Yes
3556,7087,Yes
3557,7088,Yes
3558,7089,Yes
3559,7090,Yes
3560,7091,Yes
3561,7092,No
3562,7093,Yes
3563,7094,Yes
3564,7095,Yes
3565,7096,Yes
3566,7097,Yes
3567,7098,Yes
3568,7099,Yes
3569,7100,Yes
3570,7101,No
3571,7102,No
3572,7103,Yes
3573,7104,Yes
3574,7105,Yes
3575,7106,Yes
3576,7107,Yes
3577,7108,Yes
3578,7109,Yes
3579,7110,No
3580,7111,No
3581,7112,Yes
3582,7113,Yes
3583,7114,No
3584,7115,No
3585,7116,Yes
3586,7117,Yes
3587,7118,Yes
3588,7119,Yes
3589,7120,Yes
3590,7121,Yes
3591,7122,No
3592,7123,No
3593,7124,No
3594,7125,Yes
3595,7126,Yes
3596,7127,Yes
3597,7128,No
3598,7129,Yes
3599,7130,No
3600,7131,No
3601,7132,No
3602,7133,Yes
3603,7134,No
3604,7135,Yes
3605,7136,No
3606,7137,No
3607,7138,Yes
3608,7139,Yes
3609,7140,Yes
3610,7141,Yes
3611,7142,Yes
3612,7143,Yes
3613,7144,No
3614,7145,Yes
3615,7146,Yes
3616,7147,Yes
3617,7148,Yes
3618,7149,Yes
3619,7150,Yes
3620,7151,Yes
3621,7152,No
3622,7153,Yes
3623,7154,No
3624,7155,Yes
3625,7156,Yes
3626,7157,Yes
3627,7158,Yes
3628,7159,Yes
3629,7160,No
3630,7161,Yes
3631,7162,Yes
3632,7163,No
3633,7164,Yes
3634,7165,No
3635,7166,Yes
3636,7167,Yes
3637,7168,No
3638,7169,No
3639,7170,Yes
3640,7171,Yes
3641,7172,Yes
3642,7173,Yes
3643,7174,Yes
3644,7175,Yes
3645,7176,No
3646,7177,Yes
3647,7178,No
3648,7179,Yes
3649,7180,Yes
3650,7181,No
3651,7182,No
3652,7183,Yes
3653,7184,Yes
3654,7185,Yes
3655,7186,Yes
3656,7187,No
3657,7188,No
3658,7189,Yes
3659,7190,Yes
3660,7191,No
3661,7192,No
3662,7193,Yes
3663,7194,No
3664,7195,Yes
3665,7196,Yes
3666,7197,Yes
3667,7198,Yes
3668,7199,No
3669,7200,Yes
3670,7201,No
3671,7202,Yes
3672,7203,Yes
3673,7204,Yes
3674,7205,Yes
3675,7206,Yes
3676,7207,No
3677,7208,No
3678,7209,Yes
3679,7210,Yes
3680,7211,Yes
3681,7212,Yes
3682,7213,Yes
3683,7214,Yes
3684,7215,No
3685,7216,No
3686,7217,No
3687,7218,No
3688,7219,Yes
3689,7220,No
3690,7221,No
3691,7222,No
3692,7223,Yes
3693,7224,Yes
3694,7225,Yes
3695,7226,No
3696,7227,Yes
3697,7228,Yes
3698,7229,Yes
3699,7230,Yes
3700,7231,No
3701,7232,Yes
3702,7233,Yes
3703,7234,No
3704,7235,Yes
3705,7236,No
3706,7237,Yes
3707,7238,No
3708,7239,Yes
3709,7240,Yes
3710,7241,Yes
3711,7242,Yes
3712,7243,Yes
3713,7244,Yes
3714,7245,No
3715,7246,Yes
3716,7247,Yes
3717,7248,Yes
3718,7249,No
3719,7250,Yes
3720,7251,Yes
3721,7252,Yes
3722,7253,No
3723,7254,Yes
3724,7255,Yes
3725,7256,Yes
3726,7257,Yes
3727,7258,No
3728,7259,Yes
3729,7260,Yes
3730,7261,Yes
3731,7262,Yes
3732,7263,No
3733,7264,Yes
3734,7265,Yes
3735,7266,Yes
3736,7267,No
3737,7268,No
3738,7269,Yes
3739,7270,No
3740,7271,Yes
3741,7272,Yes
3742,7273,Yes
3743,7274,Yes
3744,7275,Yes
3745,7276,Yes
3746,7277,Yes
3747,7278,Yes
3748,7279,Yes
3749,7280,Yes
3750,7281,Yes
3751,7282,No
3752,7283,Yes
3753,7284,Yes
3754,7285,Yes
3755,7286,Yes
3756,7287,No
3757,7288,Yes
3758,7289,No
3759,7290,No
3760,7291,No
3761,7292,Yes
3762,7293,No
3763,7294,No
3764,7295,Yes
3765,7296,No
3766,7297,Yes
3767,7298,Yes
3768,7299,Yes
3769,7300,Yes
3770,7301,Yes
3771,7302,Yes
3772,7303,Yes
3773,7304,Yes
3774,7305,No
3775,7306,No
3776,7307,Yes
3777,7308,No
3778,7309,Yes
3779,7310,Yes
3780,7311,Yes
3781,7312,Yes
3782,7313,Yes
3783,7314,Yes
3784,7315,No
3785,7316,No
3786,7317,No
3787,7318,Yes
3788,7319,Yes
3789,7320,No
3790,7321,No
3791,7322,Yes
3792,7323,No
3793,7324,Yes
3794,7325,Yes
3795,7326,Yes
3796,7327,Yes
3797,7328,Yes
3798,7329,Yes
3799,7330,No
3800,7331,Yes
3801,7332,Yes
3802,7333,No
3803,7334,Yes
3804,7335,Yes
3805,7336,Yes
3806,7337,No
3807,7338,No
3808,7339,No
3809,7340,No
3810,7341,No
3811,7342,No
3812,7343,Yes
3813,7344,No
3814,7345,Yes
3815,7346,Yes
3816,7347,No
3817,7348,No
3818,7349,Yes
3819,7350,Yes
3820,7351,Yes
3821,7352,Yes
3822,7353,Yes
3823,7354,Yes
3824,7355,Yes
3825,7356,Yes
3826,7357,Yes
3827,7358,No
3828,7359,Yes
3829,7360,Yes
3830,7361,Yes
3831,7362,Yes
3832,7363,Yes
3833,7364,Yes
3834,7365,Yes
3835,7366,Yes
3836,7367,Yes
3837,7368,Yes
3838,7369,Yes
3839,7370,Yes
3840,7371,Yes
3841,7372,Yes
3842,7373,Yes
3843,7374,No
3844,7375,Yes
3845,7376,Yes
3846,7377,No
3847,7378,No
3848,7379,Yes
3849,7380,No
3850,7381,Yes
3851,7382,No
3852,7383,Yes
3853,7384,Yes
3854,7385,Yes
3855,7386,No
3856,7387,Yes
3857,7388,Yes
3858,7389,Yes
3859,7390,No
3860,7391,No
3861,7392,No
3862,7393,Yes
3863,7394,Yes
3864,7395,Yes
3865,7396,Yes
3866,7397,Yes
3867,7398,Yes
3868,7399,No
3869,7400,No
3870,7401,No
3871,7402,Yes
3872,7403,No
3873,7404,Yes
3874,7405,No
3875,7406,No
3876,7407,Yes
3877,7408,Yes
3878,7409,No
3879,7410,Yes
3880,7411,Yes
3881,7412,Yes
3882,7413,No
3883,7414,Yes
3884,7415,Yes
3885,7416,No
3886,7417,Yes
3887,7418,Yes
3888,7419,No
3889,7420,Yes
3890,7421,Yes
3891,7422,Yes
3892,7423,Yes
3893,7424,No
3894,7425,No
3895,7426,No
3896,7427,No
3897,7428,No
3898,7429,Yes
3899,7430,No
3900,7431,Yes
3901,7432,Yes
3902,7433,No
3903,7434,Yes
3904,7435,Yes
3905,7436,Yes
3906,7437,No
3907,7438,Yes
3908,7439,No
3909,7440,No
3910,7441,Yes
3911,7442,Yes
3912,7443,Yes
3913,7444,Yes
3914,7445,Yes
3915,7446,No
3916,7447,No
3917,7448,No
3918,7449,No
3919,7450,No
3920,7451,Yes
3921,7452,Yes
3922,7453,No
3923,7454,No
3924,7455,Yes
3925,7456,No
3926,7457,Yes
3927,7458,Yes
3928,7459,No
3929,7460,No
3930,7461,Yes
3931,7462,No
3932,7463,Yes
3933,7464,No
3934,7465,Yes
3935,7466,Yes
3936,7467,Yes
3937,7468,No
3938,7469,Yes
3939,7470,Yes
3940,7471,Yes
3941,7472,Yes
3942,7473,No
3943,7474,No
3944,7475,No
3945,7476,Yes
3946,7477,Yes
3947,7478,Yes
3948,7479,No
3949,7480,Yes
3950,7481,Yes
3951,7482,No
3952,7483,No
3953,7484,Yes
3954,7485,Yes
3955,7486,Yes
3956,7487,Yes
3957,7488,Yes
3958,7489,Yes
3959,7490,No
3960,7491,Yes
3961,7492,No
3962,7493,No
3963,7494,No
3964,7495,Yes
3965,7496,No
3966,7497,No
3967,7498,Yes
3968,7499,Yes
3969,7500,No
3970,7501,Yes
3971,7502,Yes
3972,7503,No
3973,7504,No
3974,7505,No
3975,7506,Yes
3976,7507,Yes
3977,7508,Yes
3978,7509,Yes
3979,7510,Yes
3980,7511,No
3981,7512,Yes
3982,7513,No
3983,7514,Yes
3984,7515,No
3985,7516,No
3986,7517,No
3987,7518,No
3988,7519,No
3989,7520,No
3990,7521,Yes
3991,7522,Yes
3992,7523,No
3993,7524,Yes
3994,7525,No
3995,7526,Yes
3996,7527,No
3997,7528,Yes
3998,7529,Yes
3999,7530,No
4000,7531,Yes
4001,7532,Yes
4002,7533,Yes
4003,7534,Yes
4004,7535,Yes
4005,7536,Yes
4006,7537,Yes
4007,7538,No
4008,7539,Yes
4009,7540,Yes
4010,7541,Yes
4011,7542,Yes
4012,7543,Yes
4013,7544,Yes
4014,7545,Yes
4015,7546,No
4016,7547,No
4017,7548,Yes
4018,7549,No
4019,7550,Yes
4020,7551,Yes
4021,7552,Yes
4022,7553,Yes
4023,7554,Yes
4024,7555,Yes
4025,7556,Yes
4026,7557,No
4027,7558,No
4028,7559,Yes
4029,7560,Yes
4030,7561,No
4031,7562,Yes
4032,7563,Yes
4033,7564,Yes
4034,7565,Yes
4035,7566,No
4036,7567,Yes
4037,7568,No
4038,7569,Yes
4039,7570,No
4040,7571,No
4041,7572,Yes
4042,7573,No
4043,7574,Yes
4044,7575,Yes
4045,7576,No
4046,7577,Yes
4047,7578,No
4048,7579,Yes
4049,7580,No
4050,7581,No
4051,7582,Yes
4052,7583,Yes
4053,7584,No
4054,7585,Yes
4055,7586,No
4056,7587,Yes
4057,7588,Yes
4058,7589,Yes
4059,7590,Yes
4060,7591,No
4061,7592,Yes
4062,7593,No
4063,7594,No
4064,7595,Yes
4065,7596,Yes
4066,7597,Yes
4067,7598,Yes
4068,7599,Yes
4069,7600,Yes
4070,7601,No
4071,7602,No
4072,7603,Yes
4073,7604,Yes
4074,7605,Yes
4075,7606,No
4076,7607,No
4077,7608,Yes
4078,7609,No
4079,7610,Yes
4080,7611,Yes
4081,7612,No
4082,7613,Yes
4083,7614,Yes
4084,7615,Yes
4085,7616,Yes
4086,7617,Yes
4087,7618,Yes
4088,7619,Yes
4089,7620,No
4090,7621,No
4091,7622,Yes
4092,7623,Yes
4093,7624,Yes
4094,7625,No
4095,7626,No
4096,7627,Yes
4097,7628,Yes
4098,7629,Yes
4099,7630,No
4100,7631,Yes
4101,7632,Yes
4102,7633,No
4103,7634,Yes
4104,7635,Yes
4105,7636,Yes
4106,7637,No
4107,7638,Yes
4108,7639,Yes
4109,7640,Yes
4110,7641,Yes
4111,7642,Yes
4112,7643,Yes
4113,7644,Yes
4114,7645,No
4115,7646,Yes
4116,7647,No
4117,7648,Yes
4118,7649,Yes
4119,7650,No
4120,7651,No
4121,7652,Yes
4122,7653,Yes
4123,7654,Yes
4124,7655,Yes
4125,7656,No
4126,7657,No
4127,7658,No
4128,7659,No
4129,7660,No
4130,7661,Yes
4131,7662,Yes
4132,7663,No
4133,7664,Yes
4134,7665,Yes
4135,7666,Yes
4136,7667,Yes
4137,7668,Yes
4138,7669,Yes
4139,7670,Yes
4140,7671,Yes
4141,7672,No
4142,7673,Yes
4143,7674,Yes
4144,7675,No
4145,7676,Yes
4146,7677,Yes
4147,7678,No
4148,7679,Yes
4149,7680,Yes
4150,7681,Yes
4151,7682,Yes
4152,7683,No
4153,7684,Yes
4154,7685,Yes
4155,7686,Yes
4156,7687,Yes
4157,7688,No
4158,7689,Yes
4159,7690,No
4160,7691,No
4161,7692,Yes
4162,7693,No
4163,7694,Yes
4164,7695,Yes
4165,7696,Yes
4166,7697,Yes
4167,7698,No
4168,7699,Yes
4169,7700,No
4170,7701,Yes
4171,7702,Yes
4172,7703,Yes
4173,7704,No
4174,7705,No
4175,7706,No
4176,7707,No
4177,7708,Yes
4178,7709,Yes
4179,7710,Yes
4180,7711,No
4181,7712,Yes
4182,7713,Yes
4183,7714,No
4184,7715,Yes
4185,7716,No
4186,7717,Yes
4187,7718,Yes
4188,7719,Yes
4189,7720,Yes
4190,7721,Yes
4191,7722,Yes
4192,7723,Yes
4193,7724,Yes
4194,7725,Yes
4195,7726,No
4196,7727,Yes
4197,7728,Yes
4198,7729,No
4199,7730,No
4200,7731,Yes
4201,7732,Yes
4202,7733,Yes
4203,7734,No
4204,7735,No
4205,7736,Yes
4206,7737,Yes
4207,7738,Yes
4208,7739,Yes
4209,7740,Yes
4210,7741,Yes
4211,7742,Yes
4212,7743,No
4213,7744,Yes
4214,7745,Yes
4215,7746,Yes
4216,7747,Yes
4217,7748,No
4218,7749,Yes
4219,7750,Yes
4220,7751,Yes
4221,7752,Yes
4222,7753,Yes
4223,7754,No
4224,7755,No
4225,7756,Yes
4226,7757,Yes
4227,7758,Yes
4228,7759,Yes
4229,7760,Yes
4230,7761,No
4231,7762,Yes
4232,7763,Yes
4233,7764,No
4234,7765,No
4235,7766,Yes
4236,7767,Yes
4237,7768,No
4238,7769,Yes
4239,7770,No
4240,7771,Yes
4241,7772,No
4242,7773,No
4243,7774,Yes
4244,7775,No
4245,7776,Yes
4246,7777,Yes
4247,7778,No
4248,7779,Yes
4249,7780,Yes
4250,7781,No
4251,7782,Yes
4252,7783,No
4253,7784,Yes
4254,7785,No
4255,7786,Yes
4256,7787,Yes
4257,7788,No
4258,7789,No
4259,7790,Yes
4260,7791,Yes
4261,7792,Yes
4262,7793,No
4263,7794,No
4264,7795,Yes
4265,7796,No
4266,7797,Yes
4267,7798,No
4268,7799,Yes
4269,7800,Yes
4270,7801,No
4271,7802,Yes
4272,7803,No
4273,7804,Yes
4274,7805,Yes
4275,7806,Yes
4276,7807,Yes
4277,7808,No
4278,7809,No
4279,7810,Yes
4280,7811,Yes
4281,7812,Yes
4282,7813,Yes
4283,7814,Yes
4284,7815,Yes
4285,7816,No
4286,7817,No
4287,7818,No
4288,7819,No
4289,7820,Yes
4290,7821,Yes
4291,7822,No
4292,7823,Yes
4293,7824,No
4294,7825,Yes
4295,7826,No
4296,7827,No
4297,7828,Yes
4298,7829,No
4299,7830,Yes
4300,7831,Yes
4301,7832,Yes
4302,7833,Yes
4303,7834,No
4304,7835,Yes
4305,7836,Yes
4306,7837,No
4307,7838,No
4308,7839,Yes
4309,7840,No
4310,7841,Yes
4311,7842,No
4312,7843,No
4313,7844,No
4314,7845,Yes
4315,7846,Yes
4316,7847,Yes
4317,7848,Yes
4318,7849,Yes
4319,7850,Yes
4320,7851,Yes
4321,7852,No
4322,7853,Yes
4323,7854,Yes
4324,7855,No
4325,7856,Yes
4326,7857,Yes
4327,7858,Yes
4328,7859,Yes
4329,7860,Yes
4330,7861,No
4331,7862,Yes
4332,7863,Yes
4333,7864,Yes
4334,7865,Yes
4335,7866,Yes
4336,7867,No
4337,7868,Yes
4338,7869,Yes
4339,7870,No
4340,7871,Yes
4341,7872,No
4342,7873,Yes
4343,7874,Yes
4344,7875,Yes
4345,7876,Yes
4346,7877,No
4347,7878,Yes
4348,7879,Yes
4349,7880,No
4350,7881,No
4351,7882,No
4352,7883,No
4353,7884,Yes
4354,7885,Yes
4355,7886,Yes
4356,7887,Yes
4357,7888,Yes
4358,7889,Yes
4359,7890,Yes
4360,7891,Yes
4361,7892,Yes
4362,7893,Yes
4363,7894,Yes
4364,7895,Yes
4365,7896,Yes
4366,7897,Yes
4367,7898,Yes
4368,7899,Yes
4369,7900,No
4370,7901,Yes
4371,7902,Yes
4372,7903,Yes
4373,7904,Yes
4374,7905,Yes
4375,7906,Yes
4376,7907,No
4377,7908,No
4378,7909,Yes
4379,7910,Yes
4380,7911,Yes
4381,7912,No
4382,7913,Yes
4383,7914,Yes
4384,7915,Yes
4385,7916,Yes
4386,7917,No
4387,7918,Yes
4388,7919,Yes
4389,7920,Yes
4390,7921,Yes
4391,7922,Yes
4392,7923,Yes
4393,7924,Yes
4394,7925,Yes
4395,7926,No
4396,7927,Yes
4397,7928,Yes
4398,7929,Yes
4399,7930,Yes
4400,7931,No
4401,7932,Yes
4402,7933,No
4403,7934,No
4404,7935,No
4405,7936,Yes
4406,7937,Yes
4407,7938,Yes
4408,7939,Yes
4409,7940,No
4410,7941,Yes
4411,7942,Yes
4412,7943,Yes
4413,7944,Yes
4414,7945,Yes
4415,7946,Yes
4416,7947,Yes
4417,7948,Yes
4418,7949,No
4419,7950,No
4420,7951,Yes
4421,7952,Yes
4422,7953,No
4423,7954,Yes
4424,7955,Yes
4425,7956,Yes
4426,7957,Yes
4427,7958,Yes
4428,7959,Yes
4429,7960,Yes
4430,7961,No
4431,7962,Yes
4432,7963,No
4433,7964,Yes
4434,7965,Yes
4435,7966,Yes
4436,7967,No
4437,7968,Yes
4438,7969,Yes
4439,7970,Yes
4440,7971,Yes
4441,7972,Yes
4442,7973,No
4443,7974,Yes
4444,7975,Yes
4445,7976,Yes
4446,7977,Yes
4447,7978,Yes
4448,7979,Yes
